Category,Item,Serving Size,Calories,Calories from Fat,Total Fat,Total Fat (% Daily Value),Saturated Fat,Saturated Fat (% Daily Value),Trans Fat,Cholesterol,Cholesterol (% Daily Value),Sodium,Sodium (% Daily Value),Carbohydrates,Carbohydrates (% Daily Value),Dietary Fiber,Dietary Fiber (% Daily Value),Sugars,Protein,Vitamin A (% Daily Value),Vitamin C (% Daily Value),Calcium (% Daily Value),Iron (% Daily Value)
Beef & Pork,Big Mac,7.4 oz (211 g),530,240,27,42,10,48,1,85,28,960,40,47,16,3,13,9,24,6,2,25,25
Beef & Pork,Quarter Pounder with Cheese,7.1 oz (202 g),520,240,26,41,12,61,1.5,95,31,1100,46,41,14,3,11,10,30,10,2,30,25
Beef & Pork,Quarter Pounder with Bacon & Cheese,8 oz (227 g),600,260,29,45,13,63,1.5,105,34,1440,60,48,16,3,12,12,37,6,15,25,30
Beef & Pork,Quarter Pounder with Bacon Habanero Ranch,8.3 oz (235 g),610,280,31,48,13,64,1.5,105,35,1180,49,46,15,3,14,10,37,8,20,25,30
Beef & Pork,Quarter Pounder Deluxe,8.6 oz (244 g),540,250,27,42,11,54,1.5,85,28,960,40,45,15,3,13,9,29,10,8,25,30
Beef & Pork,Double Quarter Pounder with Cheese,10 oz (283 g),750,380,43,66,19,96,2.5,160,53,1280,53,42,14,3,11,10,48,10,2,30,35
Beef & Pork,Hamburger,3.5 oz (98 g),240,70,8,12,3,15,0,30,10,480,20,32,11,1,6,6,12,2,2,10,15
Beef & Pork,Cheeseburger,4 oz (113 g),290,100,11,18,5,27,0.5,45,15,680,28,33,11,2,7,7,15,6,2,20,15
Beef & Pork,Double Cheeseburger,5.7 oz (161 g),430,190,21,32,10,52,1,90,30,1040,43,35,12,2,8,7,24,10,2,30,20
Beef & Pork,Bacon Clubhouse Burger,9.5 oz (270 g),720,360,40,62,15,75,1.5,115,38,1470,61,51,17,4,14,14,39,8,25,30,25
Beef & Pork,McDouble,5.2 oz (147 g),380,150,17,26,8,40,1,75,25,840,35,34,11,2,7,7,22,6,2,20,20
Beef & Pork,Bacon McDouble,5.7 oz (161 g),440,200,22,34,10,49,1,90,30,1110,46,35,12,2,7,7,27,6,10,20,20
Beef & Pork,Daily Double,6.7 oz (190 g),430,200,22,35,9,44,1,80,27,760,32,34,11,2,8,7,22,8,8,20,20
Beef & Pork,Jalape√±o Double,5.6 oz (159 g),430,210,23,36,9,44,1,80,27,1030,43,35,12,2,7,6,22,6,8,20,20
Beef & Pork,McRib,7.3 oz (208 g),500,240,26,40,10,48,0,70,23,980,41,44,15,3,10,11,22,2,2,15,20
Chicken & Fish,Premium Crispy Chicken Classic Sandwich,7.5 oz (213 g),510,200,22,33,3.5,18,0,45,16,990,41,55,18,3,13,10,24,4,6,15,20
Chicken & Fish,Premium Grilled Chicken Classic Sandwich,7 oz (200 g),350,80,9,13,2,9,0,65,22,820,34,42,14,3,13,8,28,4,8,15,20
Chicken & Fish,Premium Crispy Chicken Club Sandwich,8.8 oz (249 g),670,300,33,51,9,44,0,85,29,1410,59,58,19,3,14,11,36,8,20,30,20
Chicken & Fish,Premium Grilled Chicken Club Sandwich,8.3 oz (235 g),510,180,20,31,7,36,0,105,35,1250,52,44,15,3,13,9,40,8,20,30,20
Chicken & Fish,Premium Crispy Chicken Ranch BLT Sandwich,8.1 oz (230 g),610,250,28,43,6,31,0,70,24,1400,58,57,19,3,13,11,32,4,20,15,20
Chicken & Fish,Premium Grilled Chicken Ranch BLT Sandwich,7.6 oz (217 g),450,130,15,23,4.5,22,0,90,30,1230,51,43,14,3,13,9,36,4,20,15,20
Chicken & Fish,Bacon Clubhouse Crispy Chicken Sandwich,10 oz (284 g),750,340,38,59,10,51,0.5,90,31,1720,72,65,22,4,15,16,36,8,25,30,15
Chicken & Fish,Bacon Clubhouse Grilled Chicken Sandwich,9.5 oz (270 g),590,230,25,39,8,42,0,110,37,1560,65,51,17,4,15,14,40,8,30,30,15
Chicken & Fish,Southern Style Crispy Chicken Sandwich,5.6 oz (160 g),430,170,19,29,3,15,0,45,14,910,38,43,14,2,7,7,21,4,2,15,15
Chicken & Fish,McChicken,5.1 oz (143 g),360,140,16,25,3,15,0,35,11,800,33,40,13,2,7,5,14,0,2,10,15
Chicken & Fish,Bacon Cheddar McChicken,6 oz (171 g),480,220,24,38,7,35,0,65,21,1260,53,43,14,2,8,6,22,4,10,20,15
Chicken & Fish,Bacon Buffalo Ranch McChicken,5.7 oz (161 g),430,190,21,32,5,25,0,50,17,1260,53,41,14,2,7,6,20,2,10,15,15
Chicken & Fish,Buffalo Ranch McChicken,5.2 oz (148 g),360,150,16,25,3,16,0,35,11,990,41,40,13,2,7,5,14,2,2,15,15
Chicken & Fish,Premium McWrap Chicken & Bacon (Crispy Chicken),11.1 oz (316 g),630,280,32,49,9,45,0.5,80,26,1540,64,56,19,3,13,7,32,60,20,20,20
Chicken & Fish,Premium McWrap Chicken & Bacon (Grilled Chicken),10.7 oz (302 g),480,170,19,28,7,36,0,95,32,1370,57,42,14,3,13,6,36,60,25,20,20
Chicken & Fish,Premium McWrap Chicken & Ranch (Crispy Chicken),10.9 oz (310 g),610,280,31,47,8,40,0.5,65,21,1340,56,56,19,3,14,8,27,60,15,20,20
Chicken & Fish,Premium McWrap Chicken & Ranch (Grilled Chicken),10.5 oz (297 g),450,160,18,27,6,31,0.5,80,27,1170,49,42,14,3,14,6,30,60,15,15,20
Chicken & Fish,Premium McWrap Southwest Chicken (Crispy Chicken),11.1 oz (314 g),670,300,33,51,8,40,0.5,60,21,1480,62,68,23,5,19,12,27,60,15,20,20
Chicken & Fish,Premium McWrap Southwest Chicken (Grilled Chicken),11.2 oz (318 g),520,180,20,31,6,32,0,80,27,1320,55,55,18,5,20,10,31,70,15,20,20
Chicken & Fish,Premium McWrap Chicken Sweet Chili (Crispy Chicken),10.7 oz (304 g),540,200,23,35,4.5,23,0,50,16,1260,52,61,20,3,13,14,23,60,15,8,20
Chicken & Fish,Premium McWrap Chicken Sweet Chili (Grilled Chicken),10.3 oz (291 g),380,90,10,15,3,14,0,65,22,1090,45,47,16,3,13,12,27,60,15,8,20
Chicken & Fish,Chicken McNuggets (4 piece),2.3 oz (65 g),190,110,12,18,2,10,0,25,9,360,15,12,4,1,2,0,9,0,2,0,2
Chicken & Fish,Chicken McNuggets (6 piece),3.4 oz (97 g),280,160,18,27,3,15,0,40,13,540,22,18,6,1,4,0,13,0,2,2,4
Chicken & Fish,Chicken McNuggets (10 piece),5.7 oz (162 g),470,270,30,45,5,25,0,65,22,900,37,30,10,2,6,0,22,0,4,2,6
Chicken & Fish,Chicken McNuggets (20 piece),11.4 oz (323 g),940,530,59,91,10,50,0,135,44,1800,75,59,20,3,12,0,44,0,8,4,10
Chicken & Fish,Chicken McNuggets (40 piece),22.8 oz (646 g),1880,1060,118,182,20,101,1,265,89,3600,150,118,39,6,24,1,87,0,15,8,25
Chicken & Fish,Filet-O-Fish,5 oz (142 g),390,170,19,29,4,19,0,40,14,590,24,39,13,2,7,5,15,2,0,15,10
